<?xml version="1.0" encoding="UTF-8"?>
<metadata><mdFileID>{846A30F1-9AE4-4113-9660-AFF3BB16C392}</mdFileID><mdLang><languageCode value="eng"/><countryCode value="GBR" Sync="TRUE"/></mdLang><mdChar Sync="TRUE"><CharSetCd value="004"/></mdChar><mdHrLv2>attribute</mdHrLv2><mdHrLvName2>Geodatabase attribute table</mdHrLvName2><mdDateSt Sync="TRUE">20150205</mdDateSt><mdStanName2>ISO19115:2003</mdStanName2><mdStanVer2>GISCO 1.2.0</mdStanVer2><dataSetURI>Server=anteater.cc.cec.eu.int; Service=port:5154; User=giscoread; Version=SDE.DEFAULT</dataSetURI><refSysInfo><refSysId><identCode>ETRS89</identCode></refSysId><RefSystem><refSysID><identCode>ETRS89</identCode></refSysID></RefSystem></refSysInfo><dataIdInfo><idCitation><resTitle>CNTR regions and boundaries Link table at 10M scale</resTitle><resRefDate><refDate>20111201</refDate><refDateType><DateTypCd value="001"/></refDateType></resRefDate><resRefDate><refDate>20111213</refDate><refDateType><DateTypCd value="003"/></refDateType></resRefDate><resEd>2010</resEd><resEdDate>20111201</resEdDate><citRespParty><rpOrgName>Eurostat GISCO - European Commission</rpOrgName><rpCntInfo><cntPhone><voiceNum>+352 4301 32076</voiceNum><faxNum>+352 4301 32029</faxNum></cntPhone><cntAddress><delPoint>5, rue Alphonse Weicker</delPoint><city>Luxembourg</city><adminArea>Luxembourg</adminArea><postCode>2920</postCode><eMailAdd>estat-gisco@ec.europa.eu</eMailAdd><country>lu</country></cntAddress></rpCntInfo><role><RoleCd value="007"/></role></citRespParty><citRespParty><rpOrgName>Abaco Spa</rpOrgName><rpCntInfo><cntPhone><voiceNum>+39 0376 222 181</voiceNum><faxNum>+39 0376 222 182</faxNum></cntPhone><cntAddress><delPoint>Corso Umberto I, 43</delPoint><city>Mantova</city><postCode>46100</postCode><eMailAdd>info@abacogroup.eu</eMailAdd><country>it</country><adminArea>Mantova</adminArea></cntAddress></rpCntInfo><role><RoleCd value="009"/></role></citRespParty><resRefDate><refDateType><DateTypCd value="002"/></refDateType></resRefDate><resAltTitle>GISCO.CNTR_RG_BN_10M_2010</resAltTitle><presForm><PresFormCd value="011" Sync="TRUE"/></presForm><citId><identCode>5C27B6C0-BC1C-4175-9B0B-783AEEBAAD61</identCode></citId><date><pubDate>20140924</pubDate><createDate>20140701</createDate></date></idCitation><idAbs>&lt;DIV STYLE="text-align:Left;"&gt;&lt;DIV&gt;&lt;P&gt;&lt;SPAN&gt;This table is an attribute table to identify the CNTR Boundaries from the feature class CNTR_BN_10M_201&lt;/SPAN&gt;&lt;SPAN&gt;4&lt;/SPAN&gt;&lt;SPAN&gt; that make up a specific CNTR region in the feature class CNTR_RG_10M_201&lt;/SPAN&gt;&lt;SPAN&gt;4&lt;/SPAN&gt;&lt;SPAN&gt; (topological relationship table between regions and boundaries of the CNTR_201&lt;/SPAN&gt;&lt;SPAN&gt;4&lt;/SPAN&gt;&lt;SPAN&gt; 10M dataset).&lt;/SPAN&gt;&lt;/P&gt;&lt;/DIV&gt;&lt;/DIV&gt;</idAbs><idPurp>This table forms the link between the feature classes CNTR_RG_10M_2010 and CNTR_BN_10M_2010. The M-N relationship between the feature classes becomes 1-M and N-1 through this table. For each CNTR region you can identify the boundaries it is made of and for each boundary line you can identify the regions that are on both sides of the border.</idPurp><idStatus>completed</idStatus><resMaint><maintFreq><MaintFreqCd value="010"/></maintFreq></resMaint><descKeys KeyTypCd="002"><keyTyp><KeyTypCd value="002"/></keyTyp><keyword>World</keyword></descKeys><resConst><LegConsts><useConsts><RestrictCd value="001"/></useConsts><useConsts><RestrictCd value="005"/></useConsts><accessConsts><RestrictCd value="008"/></accessConsts><othConsts>(e) intellectual property rights</othConsts></LegConsts><Consts><useLimit>Conditions unknown</useLimit></Consts></resConst><spatRpType><spatRepTypCd value="003"/><SpatRepTypCd value="003" Sync="TRUE"></SpatRepTypCd></spatRpType><dataScale xmlns=""><equScale><rfDenom>10000000</rfDenom></equScale><scaleDist><value uom="m"></value></scaleDist></dataScale><dataChar><CharSetCd value="004"/></dataChar><envirDesc Sync="TRUE">Microsoft Windows 7 Version 6.1 (Build 7601) Service Pack 1; Esri ArcGIS 10.1.1.3143</envirDesc><dataLang><languageCode value="eng"/><countryCode value="GBR" Sync="TRUE"/></dataLang><descKeys KeyTypCd="005"><keyTyp><KeyTypCd value="005"/></keyTyp><keyword>Countries</keyword></descKeys><descKeys KeyTypCd="005"><keyTyp><KeyTypCd value="005"/></keyTyp><thesaName><resTitle>Directive 20007/.../EC/ of the European parliament and of the Council of establishing an Infrastructure for Spatial Information in the European Community (INSPIRE)</resTitle></thesaName><keyword>Administrative Units</keyword></descKeys><idPoC Sync="TRUE" xmlns=""><rpOrgName Sync="TRUE">Eurostat GISCO - European Commission</rpOrgName><rpCntInfo><cntPhone><voiceNum Sync="TRUE" tddtty="">+352 4301 32076</voiceNum><faxNum Sync="TRUE">+352 4301 32029</faxNum></cntPhone><cntAddress addressType=""><delPoint Sync="TRUE">5, rue Alphonse Weicker</delPoint><city Sync="TRUE">Luxembourg</city><adminArea Sync="TRUE">Luxembourg</adminArea><postCode Sync="TRUE">2920</postCode><country Sync="TRUE">lu</country><eMailAdd Sync="TRUE">estat-gisco@ec.europa.eu</eMailAdd></cntAddress></rpCntInfo><role><RoleCd Sync="TRUE" value="002"/></role></idPoC><themeKeys xmlns=""><thesaName xmlns=""><resTitle>GEMET - INSPIRE themes, version 1.0</resTitle><date><pubDate>2008-01-06T00:00:00</pubDate></date></thesaName><keyword>Administrative units</keyword></themeKeys><themeKeys xmlns=""><thesaName xmlns=""><resTitle>GEMET - INSPIRE themes, version 1.0</resTitle><date><pubDate>2008-01-06T00:00:00</pubDate></date></thesaName><keyword>Geographical names</keyword></themeKeys><themeKeys xmlns=""><thesaName xmlns=""><resTitle>GEMET - Concepts, version 2.4</resTitle><date><pubDate>13/01/2010</pubDate></date></thesaName><keyword>administration</keyword></themeKeys><themeKeys xmlns=""><thesaName xmlns=""><resTitle>GEMET - Concepts, version 2.4</resTitle><date><pubDate>13/01/2010</pubDate></date></thesaName><keyword>border</keyword></themeKeys><dataExt xmlns=""><geoEle xmlns=""><GeoBndBox><westBL>-179.9</westBL><eastBL>179.9</eastBL><southBL>-89.9</southBL><northBL>89.9</northBL><exTypeCode>1</exTypeCode></GeoBndBox></geoEle><tempEle><TempExtent><exTemp><TM_Period xmlns=""><tmBegin>20140101</tmBegin></TM_Period></exTemp></TempExtent></tempEle></dataExt><tpCat><TopicCatCd value="03"/></tpCat><tpCat><TopicCatCd value="003"/></tpCat></dataIdInfo><distInfo><distributor><distorCont><rpOrgName>Eurostat GISCO - European Commission</rpOrgName><rpCntInfo><cntPhone><voiceNum>+352 4301 32076</voiceNum><faxNum>+352 4301 32029</faxNum></cntPhone><cntAddress><delPoint>5, rue Alphonse Weicker</delPoint><city>Luxembourg</city><adminArea>Luxembourg</adminArea><postCode>2920</postCode><eMailAdd>estat-gisco@ec.europa.eu</eMailAdd><country>lu</country></cntAddress></rpCntInfo><role><RoleCd value="005"/></role></distorCont><distorFormat><formatName Sync="TRUE">File Geodatabase Table</formatName><formatVer>9.3.1</formatVer></distorFormat><distorTran><onLineSrc><linkage>file://\\ABACOPORT-PC\C\Condivisa\work\EUROSTAT\work\SC3\ACT_2\work\SC3_A2_GENERALISATION.gdb</linkage><orFunct><OnFunctCd value="001"/></orFunct><orDesc Sync="TRUE">002</orDesc><protocol Sync="TRUE">Local Area Network</protocol></onLineSrc></distorTran></distributor><distFormat><formatName Sync="TRUE">dBASE Table</formatName></distFormat><distTranOps><transSize Sync="TRUE">0.000</transSize></distTranOps></distInfo><dqInfo xmlns=""><dataLineage><statement>This dataset (together with the other datasets: NUTS_2010, CNTR_2014, COMM_2010, EEZ_2010 and COAS_2010) is based on geometry of EBM_v5 of EuroGeographics on commune level with a resolution of 30m (scale 1:100.000) enriched with some other datasources like  Gaul 2008  country data and ArcWorld data.
This resulted in a common repository of geometry of which the different datasets were derived. The different scale levels were derived of generalizations of the common repository on 100K scale. This means that within each scale level the feature classes of all these datasets: COMM_2010, NUTS_2010, CNTR_2014 and COAS_2010, are fully coherent and compliant.

The 1M scale level in the CNTR_2010 dataset consists of 2 feature classes (regions and boundaries)
The boundaries and regions are related to each other through a relationship table (CNTR_RG_BN_10M_2014).
 In addition to the region and boundary feature classes there is also 1 label feature class which is scale independent. For each CNTR in the region feature classes there is exactly 1 label .
The extent of this feature class is the world.</statement><prcStep><description>For each commune region in the feature class CNTR_RG_10M_2010 the bordering lines in the feature class CNTR_BN_10M_2010 were identified by making use of a spatial selection. This result was written to the CNTR_RG_BN_10M_2010.</description></prcStep><dataSource><srcDesc>(i) Eurogeographics EBM v5.0.(scale 1:100K) 
(ii) GAUL 2008 country level data
(iii) NSI of TR for the Turkish features
(v) GRO (General Register Office for Scotland) -- for scale level 100K
(vi) NUTS nomenclature supplied by EUROSTAT -- for all scale levels

This feature class is created from a generalization of this common repository</srcDesc></dataSource></dataLineage><DQConcConsis><measName>Completeness of Dataset</measName><measDesc>All feature classes, attribute tables and relationship classes should be present</measDesc><evalMethDesc>Re-application of schema to dataset</evalMethDesc><measDateTm>20101213</measDateTm><ConResult><conExpl>All feature classes, attribute tables and relationship classes are present</conExpl><conPass>true</conPass><conSpec><resRefDate><refDateType><DateTypCd value="[invalid date type]"/></refDateType></resRefDate></conSpec></ConResult></DQConcConsis><DQDomConsis><measName>Referential Integrity of Dataset</measName><measDesc>The integrity and cardinality of the relationships (conceptual and implemented) was checked by enforcing primary and foreign key integrity constraints in Oracle. The constraints referencing coded value domain tables were a test of domain consistency.</measDesc><evalMethDesc>Errors will show during creation of integrity constraints in Oracle. Constraints will not be applicable in case of violations to the consistency.</evalMethDesc><measDateTm>20111213</measDateTm><ConResult><conExpl>No errors occurred, so the integrity of all primary and foreign keys was confirmed. All the values of each coded value attribute are compliant to the domains (except for any NULL values). The cardinality can only be confirmed where it is strict enough for this test to detect errors.</conExpl><conPass>true</conPass><conSpec><resRefDate><refDateType><DateTypCd value="[invalid date type]"/></refDateType></resRefDate></conSpec></ConResult></DQDomConsis><dqScope value="005"><scpLvl>attribute<ScopeCd value="005"></ScopeCd></scpLvl></dqScope><report type="DQDomConsis" dimension="horizontal"><measResult><ConResult><conSpec><resTitle>COMMISSION REGULATION (EU) No 1089/2010 of 23 November 2010 implementing Directive 2007/2/EC of the European Parliament and of the Council as regards interoperability of spatial data sets and services</resTitle><date><createDate>20101123</createDate></date></conSpec><conExpl>See the referenced specification</conExpl></ConResult></measResult></report></dqInfo><eainfo><detailed Name="CNTR_RG_BN_10M_2014" xmlns=""><enttyp><enttypl>CNTR_RG_BN_10M_2014</enttypl><enttypd>M-N relationship table between CNTR regions and boundaries, for 1:10.000.000 version 2014</enttypd><enttypt Sync="TRUE">Table</enttypt><enttypc Sync="TRUE">0</enttypc></enttyp><attr><attrlabl Sync="TRUE">OID</attrlabl><attalias Sync="TRUE">OID</attalias><attrtype Sync="TRUE">OID</attrtype><attwidth Sync="TRUE">4</attwidth><atprecis Sync="TRUE">0</atprecis><attscale Sync="TRUE">0</attscale><attrdef Sync="TRUE">Internal feature number.</attrdef><attrdefs Sync="TRUE">Esri</attrdefs><attrdomv><udom Sync="TRUE">Sequential unique whole numbers that are automatically generated.</udom></attrdomv></attr><attr><attrlabl Sync="TRUE">CNTR_BN_CO</attrlabl><attalias Sync="TRUE">CNTR_BN_CO</attalias><attrtype Sync="TRUE">Double</attrtype><attwidth Sync="TRUE">19</attwidth><atprecis Sync="TRUE">18</atprecis><attscale Sync="TRUE">8</attscale></attr><attr xmlns=""><attrtype Sync="TRUE">String</attrtype><attrlabl>CNTR_CODE</attrlabl><attrdef>CNTR ReGion Identifier

This attribute contains the regional CNTR codes. (FK for the relation to CNTR_RG_10M_2010 with PK CNTR_ID)</attrdef><attrdefs>GISCO</attrdefs><attwidth Sync="TRUE">5</attwidth><atprecis Sync="TRUE">0</atprecis><attscale Sync="TRUE">0</attscale><attalias Sync="TRUE">CNTR_CODE</attalias></attr></detailed></eainfo><Esri><CreaDate>20141015</CreaDate><CreaTime>10201500</CreaTime><SyncOnce>FALSE</SyncOnce><SyncDate>20150205</SyncDate><SyncTime>16124900</SyncTime><ModDate>20150205</ModDate><ModTime>16124900</ModTime><ArcGISFormat>1.0</ArcGISFormat><ArcGISstyle>GISCO Metadata Editor 2012</ArcGISstyle><DataProperties><itemProps><itemLocation><linkage Sync="TRUE">file://\\net1.cec.eu.int\Homes\048\HARROMI\My Documents\Downloads\CNTR_2014_10M_SH\CNTR_2014_10M_SH\CNTR_2014_10M_SH\Data\CNTR_RG_BN_10M_2014.dbf</linkage><protocol Sync="TRUE">Local Area Network</protocol></itemLocation><itemName Sync="TRUE">CNTR_RG_BN_10M_2014</itemName><imsContentType Sync="TRUE">002</imsContentType><itemSize Sync="TRUE">0.000</itemSize></itemProps><lineage><Process Name="Delete Rows" ToolSource="C:\Program Files (x86)\ArcGIS\Desktop10.0\ArcToolbox\Toolboxes\Data Management Tools.tbx\DeleteRows" Date="20121128" Time="174129" export="">DeleteRows Z:\webapp\mapservices\Maps\connection-files\PROD\PROD-DIRECT-GISCO_11g.sde\GISCO.CNTR_RG_BN_10M_2010</Process><Process Name="Append" ToolSource="C:\Program Files (x86)\ArcGIS\Desktop10.0\ArcToolbox\Toolboxes\Data Management Tools.tbx\Append" Date="20121128" Time="174254" export="">Append 'J:\users\diegoce\Specific convention\Specific convention 08\02 AB generalisatons\Final delivery v1.3\SC3_A2_GENERALISATION(12_09_2012).gdb\CNTR_RG_BN_10M_2010' Z:\webapp\mapservices\Maps\connection-files\PROD\PROD-DIRECT-GISCO_11g.sde\GISCO.CNTR_RG_BN_10M_2010 TEST # #</Process><Process ToolSource="C:\Program Files (x86)\ArcGIS\Desktop10.0\ArcToolbox\Toolboxes\Data Management Tools.tbx\ChangePrivileges" Date="20130313" Time="104152" Name="" export="">ChangePrivileges Z:\webapp\mapservices\Maps\connection-files\PROD\PROD-DIRECT-GISCO_11g.sde\GISCO.CNTR_RG_BN_03M_2010;Z:\webapp\mapservices\Maps\connection-files\PROD\PROD-DIRECT-GISCO_11g.sde\GISCO.CNTR_RG_BN_100K_2010;Z:\webapp\mapservices\Maps\connection-files\PROD\PROD-DIRECT-GISCO_11g.sde\GISCO.CNTR_RG_BN_20M_2010;Z:\webapp\mapservices\Maps\connection-files\PROD\PROD-DIRECT-GISCO_11g.sde\GISCO.CNTR_RG_BN_60M_2010;Z:\webapp\mapservices\Maps\connection-files\PROD\PROD-DIRECT-GISCO_11g.sde\GISCO.CNTR_RG_BN_10M_2010 GISCOVIEW GRANT AS_IS</Process><Process Name="Delete Rows" ToolSource="C:\Program Files (x86)\ArcGIS\Desktop10.0\ArcToolbox\Toolboxes\Data Management Tools.tbx\DeleteRows" Date="20140106" Time="151701" export="">DeleteRows Z:\webapp\mapservices\Maps\connection-files\PROD\PROD-DIRECT-GISCO_11g.sde\GISCO.CNTR_RG_BN_10M_2010</Process><Process Name="Append" ToolSource="C:\Program Files (x86)\ArcGIS\Desktop10.0\ArcToolbox\Toolboxes\Data Management Tools.tbx\Append" Date="20140106" Time="151703" export="">Append V:\QA\Edits\Final\Final.gdb\CNTR_RG_BN_10M_2010 Z:\webapp\mapservices\Maps\connection-files\PROD\PROD-DIRECT-GISCO_11g.sde\GISCO.CNTR_RG_BN_10M_2010 TEST # #</Process><Process Name="Delete Rows" ToolSource="c:\program files (x86)\arcgis\desktop10.1\ArcToolbox\Toolboxes\Data Management Tools.tbx\DeleteRows" Date="20140114" Time="145112" export="">DeleteRows Z:\webapp\mapservices\Maps\connection-files\PROD\PROD-DIRECT-GISCO_11g.sde\GISCO.CNTR_RG_BN_10M_2010</Process><Process Name="Append" ToolSource="c:\program files (x86)\arcgis\desktop10.1\ArcToolbox\Toolboxes\Data Management Tools.tbx\Append" Date="20140114" Time="145119" export="">Append J:\develop\Database-Updates\Jan_14\Final.gdb\CNTR_RG_BN_10M_2010 Z:\webapp\mapservices\Maps\connection-files\PROD\PROD-DIRECT-GISCO_11g.sde\GISCO.CNTR_RG_BN_10M_2010 TEST # #</Process><Process ToolSource="c:\program files (x86)\arcgis\desktop10.1\ArcToolbox\Toolboxes\Data Management Tools.tbx\CopyRows" Date="20140506" Time="132903" Name="" export="">CopyRows \\s-tpol\connection-files\PROD\PROD-DIRECT-GISCOVIEW-ARCESTP-11g.sde\GISCO.CNTR_RG_BN_10M_2010 J:\users\harromi\Countries\g2014_2013_2\g2014_2013_2\cntr_2014.gdb\CNTR_RG_BN_10M_2010 #</Process><Process ToolSource="c:\program files (x86)\arcgis\desktop10.1\ArcToolbox\Toolboxes\Data Management Tools.tbx\ChangePrivileges" Date="20141016" Time="151919">ChangePrivileges \\s-tpol\connection-files\PROD\PROD-SDE-GISCO.sde\GISCO.CNTR_RG_BN_01M_2014;\\s-tpol\connection-files\PROD\PROD-SDE-GISCO.sde\GISCO.CNTR_RG_BN_03M_2014;\\s-tpol\connection-files\PROD\PROD-SDE-GISCO.sde\GISCO.CNTR_RG_BN_100K_2014;\\s-tpol\connection-files\PROD\PROD-SDE-GISCO.sde\GISCO.CNTR_RG_BN_10M_2014;\\s-tpol\connection-files\PROD\PROD-SDE-GISCO.sde\GISCO.CNTR_RG_BN_20M_2014;\\s-tpol\connection-files\PROD\PROD-SDE-GISCO.sde\GISCO.CNTR_RG_BN_60M_2014;\\s-tpol\connection-files\PROD\PROD-SDE-GISCO.sde\GISCO.CNTR_AT_2014 GISCOREAD GRANT AS_IS</Process><Process ToolSource="c:\program files (x86)\arcgis\desktop10.1\ArcToolbox\Toolboxes\Data Management Tools.tbx\ChangePrivileges" Date="20141016" Time="170614">ChangePrivileges \\s-tpol\connection-files\PROD\PROD-DIRECT-GISCO_11g.sde\GISCO.CNTR_2014;\\s-tpol\connection-files\PROD\PROD-DIRECT-GISCO_11g.sde\GISCO.CNTR_AT_2014;\\s-tpol\connection-files\PROD\PROD-DIRECT-GISCO_11g.sde\GISCO.CNTR_RG_BN_01M_2014;\\s-tpol\connection-files\PROD\PROD-DIRECT-GISCO_11g.sde\GISCO.CNTR_RG_BN_03M_2014;\\s-tpol\connection-files\PROD\PROD-DIRECT-GISCO_11g.sde\GISCO.CNTR_RG_BN_100K_2014;\\s-tpol\connection-files\PROD\PROD-DIRECT-GISCO_11g.sde\GISCO.CNTR_RG_BN_10M_2014;\\s-tpol\connection-files\PROD\PROD-DIRECT-GISCO_11g.sde\GISCO.CNTR_RG_BN_20M_2014;\\s-tpol\connection-files\PROD\PROD-DIRECT-GISCO_11g.sde\GISCO.CNTR_RG_BN_60M_2014 GISCOVIEW GRANT AS_IS</Process><Process ToolSource="c:\program files (x86)\arcgis\desktop10.1\ArcToolbox\Toolboxes\Data Management Tools.tbx\ChangePrivileges" Date="20141016" Time="170636">ChangePrivileges \\s-tpol\connection-files\PROD\PROD-DIRECT-GISCO_11g.sde\GISCO.CNTR_2014;\\s-tpol\connection-files\PROD\PROD-DIRECT-GISCO_11g.sde\GISCO.CNTR_AT_2014;\\s-tpol\connection-files\PROD\PROD-DIRECT-GISCO_11g.sde\GISCO.CNTR_RG_BN_01M_2014;\\s-tpol\connection-files\PROD\PROD-DIRECT-GISCO_11g.sde\GISCO.CNTR_RG_BN_03M_2014;\\s-tpol\connection-files\PROD\PROD-DIRECT-GISCO_11g.sde\GISCO.CNTR_RG_BN_100K_2014;\\s-tpol\connection-files\PROD\PROD-DIRECT-GISCO_11g.sde\GISCO.CNTR_RG_BN_10M_2014;\\s-tpol\connection-files\PROD\PROD-DIRECT-GISCO_11g.sde\GISCO.CNTR_RG_BN_20M_2014;\\s-tpol\connection-files\PROD\PROD-DIRECT-GISCO_11g.sde\GISCO.CNTR_RG_BN_60M_2014 GISCOREAD GRANT AS_IS</Process><Process ToolSource="c:\program files (x86)\arcgis\desktop10.1\ArcToolbox\Toolboxes\Data Management Tools.tbx\ChangePrivileges" Date="20141202" Time="112502">ChangePrivileges \\s-tpol\connection-files\PROD\PROD-SDE-GISCO.sde\CNTR_RG_BN_10M_2014 giscoread GRANT AS_IS</Process><Process ToolSource="c:\program files (x86)\arcgis\desktop10.1\ArcToolbox\Toolboxes\Conversion Tools.tbx\TableToTable" Date="20150205" Time="161249">TableToTable \\s-tpol\connection-files\PROD\PROD-DIRECT-GISCO_11g.sde\GISCO.CNTR_RG_BN_10M_2014 "H:\My Documents\Downloads\CNTR_2014_10M_SH\CNTR_2014_10M_SH\CNTR_2014_10M_SH\Data" CNTR_RG_BN_10M_2014.dbf # "CNTR_BN_CO "CNTR_BN_CO" true true false 8 Double 8 38 ,First,#,\\s-tpol\connection-files\PROD\PROD-DIRECT-GISCO_11g.sde\GISCO.CNTR_RG_BN_10M_2014,CNTR_BN_CODE,-1,-1;CNTR_CODE "CNTR_CODE" true true false 5 Text 0 0 ,First,#,\\s-tpol\connection-files\PROD\PROD-DIRECT-GISCO_11g.sde\GISCO.CNTR_RG_BN_10M_2014,CNTR_CODE,-1,-1" #</Process></lineage></DataProperties><ArcGISProfile>INSPIRE</ArcGISProfile></Esri><dataqual><lineage><procstep><procdesc Sync="TRUE">Metadata imported.</procdesc><srcused Sync="TRUE">J:\develop\metadata\GISCO.CNTR_RG_BN_10M_2006.xml</srcused><date Sync="TRUE">20081205</date><time Sync="TRUE">12100600</time></procstep><procstep><procdesc Sync="TRUE">Dataset copied.</procdesc><srcused Sync="TRUE">Server=anteater.cc.cec.eu.int; Service=port:5154; User=gisco; Version=SDE.DEFAULT</srcused><procdate Sync="TRUE">20090217</procdate><proctime Sync="TRUE">09012200</proctime></procstep><procstep><procdesc Sync="TRUE">Dataset copied.</procdesc><srcused Sync="TRUE">\\D02DI0616275\E\WorkSpace\GISCODBBackups\20090216_FULL_DEV_BeforeReinstall_RasterIncluded\20090216_DEV.gdb</srcused><procdate Sync="TRUE">20090220</procdate><proctime Sync="TRUE">17053700</proctime></procstep><procstep><procdesc Sync="TRUE">Metadata imported.</procdesc><srcused Sync="TRUE">J:\develop\metadata\20091125-DEV-Contract5\GISCO.CNTR_RG_BN_10M_2006.xml</srcused><procdate Sync="TRUE">20091126</procdate><proctime Sync="TRUE">10310000</proctime></procstep><procstep><procdesc Sync="TRUE">Dataset copied.</procdesc><srcused Sync="TRUE">Service=sde:oracle10g; User=gisco; Version=SDE.DEFAULT</srcused><procdate Sync="TRUE">20100210</procdate><proctime Sync="TRUE">09113400</proctime></procstep><procstep><procdesc Sync="TRUE">Metadata imported.</procdesc><srcused Sync="TRUE">C:\Condivisa\work\EUROSTAT\work\SC3\ACT_2\docs\TASKDESCRIPTION\metadati\final\CNTR_RG_BN_10M_2006.xml</srcused><procdate Sync="TRUE">20111206</procdate><proctime Sync="TRUE">09081900</proctime></procstep><procstep><procdesc Sync="TRUE">Metadata imported.</procdesc><srcused Sync="TRUE">C:\Condivisa\work\EUROSTAT\work\SC3\ACT_2\docs\TASKDESCRIPTION\metadati\final\New\CNTR_RG_BN_10M_2010.xml</srcused><procdate Sync="TRUE">20111213</procdate><proctime Sync="TRUE">10595800</proctime></procstep><procstep><procdesc Sync="TRUE">Metadata imported.</procdesc><srcused Sync="TRUE">C:\Condivisa\work\EUROSTAT\work\SC3\ACT_2\docs\TASKDESCRIPTION\metadati\final\New\CNTR_RG_BN_10M_2010.xml</srcused><procdate Sync="TRUE">20111213</procdate><proctime Sync="TRUE">11041900</proctime></procstep></lineage></dataqual><idinfo><citation><citeinfo><onlink Sync="TRUE">\\ABACOPORT-PC\C\Condivisa\work\EUROSTAT\work\SC3\ACT_2\work\SC3_A2_GENERALISATION.gdb</onlink><origin>REQUIRED: The name of an organization or individual that developed the data set.</origin><pubdate>REQUIRED: The date when the data set is published or otherwise made available for release.</pubdate><title Sync="TRUE">CNTR_RG_BN_10M_2010</title><ftname Sync="TRUE">CNTR_RG_BN_10M_2010</ftname><geoform Sync="TRUE">tabular digital data</geoform></citeinfo></citation><native Sync="TRUE">Microsoft Windows Vista Version 6.1 (Build 7601) Service Pack 1; ESRI ArcCatalog 9.3.1.4000</native><descript><langdata Sync="TRUE">en</langdata><abstract>REQUIRED: A brief narrative summary of the data set.</abstract><purpose>REQUIRED: A summary of the intentions with which the data set was developed.</purpose></descript><timeperd><current>REQUIRED: The basis on which the time period of content information is determined.</current><timeinfo><sngdate><caldate>REQUIRED: The year (and optionally month, or month and day) for which the data set corresponds to the ground.</caldate></sngdate></timeinfo></timeperd><status><progress>REQUIRED: The state of the data set.</progress><update>REQUIRED: The frequency with which changes and additions are made to the data set after the initial data set is completed.</update></status><spdom><bounding><westbc Sync="TRUE">REQUIRED: Western-most coordinate of the limit of coverage expressed in longitude.</westbc><eastbc Sync="TRUE">REQUIRED: Eastern-most coordinate of the limit of coverage expressed in longitude.</eastbc><northbc Sync="TRUE">REQUIRED: Northern-most coordinate of the limit of coverage expressed in latitude.</northbc><southbc Sync="TRUE">REQUIRED: Southern-most coordinate of the limit of coverage expressed in latitude.</southbc></bounding></spdom><keywords><theme><themekt>REQUIRED: Reference to a formally registered thesaurus or a similar authoritative source of theme keywords.</themekt><themekey>REQUIRED: Common-use word or phrase used to describe the subject of the data set.</themekey></theme></keywords><accconst>REQUIRED: Restrictions and legal prerequisites for accessing the data set.</accconst><useconst>REQUIRED: Restrictions and legal prerequisites for using the data set after access is granted.</useconst><natvform Sync="TRUE">File Geodatabase Table</natvform></idinfo><metainfo><langmeta Sync="TRUE">en</langmeta><metstdn Sync="TRUE">FGDC Content Standards for Digital Geospatial Metadata</metstdn><metstdv Sync="TRUE">FGDC-STD-001-1998</metstdv><mettc Sync="TRUE">local time</mettc><metc><cntinfo><cntorgp><cntper>REQUIRED: The person responsible for the metadata information.</cntper><cntorg>REQUIRED: The organization responsible for the metadata information.</cntorg></cntorgp><cntaddr><addrtype>REQUIRED: The mailing and/or physical address for the organization or individual.</addrtype><city>REQUIRED: The city of the address.</city><state>REQUIRED: The state or province of the address.</state><postal>REQUIRED: The ZIP or other postal code of the address.</postal></cntaddr><cntvoice>REQUIRED: The telephone number by which individuals can speak to the organization or individual.</cntvoice></cntinfo></metc><metd Sync="TRUE">20111214</metd></metainfo><mdStanName Sync="TRUE">ISO 19115 Geographic Information - Metadata</mdStanName><mdStanVer Sync="TRUE">DIS_ESRI1.0</mdStanVer><mdHrLv><ScopeCd Sync="TRUE" value="007"/></mdHrLv><mdHrLvName Sync="TRUE">dataset</mdHrLvName><distinfo><resdesc Sync="TRUE">Downloadable Data</resdesc></distinfo><editorCustomization version="v1.1.4"/><mdContact xmlns=""><rpOrgName>European Commission, Eurostat (ESTAT), GISCO</rpOrgName><rpCntInfo><cntAddress addressType=""><eMailAdd>estat-gisco@ec.europa.eu</eMailAdd></cntAddress></rpCntInfo></mdContact></metadata>
